{
  "country": "US",
  "regions": [
    { "regionCode": "AL", "regionName": "Alabama", "cities": ["Birmingham", "Montgomery", "Mobile", "Huntsville", "Tuscaloosa", "Hoover"] },
    { "regionCode": "AK", "regionName": "Alaska", "cities": ["Anchorage", "Fairbanks", "Juneau", "Sitka", "Ketchikan", "Wasilla"] },
    { "regionCode": "AZ", "regionName": "Arizona", "cities": ["Phoenix", "Tucson", "Mesa", "Chandler", "Scottsdale", "Flagstaff"] },
    { "regionCode": "AR", "regionName": "Arkansas", "cities": ["Little Rock", "Fayetteville", "Fort Smith", "Springdale", "Jonesboro", "Conway"] },
    { "regionCode": "CA", "regionName": "California", "cities": ["Los Angeles", "San Diego", "San Jose", "San Francisco", "Sacramento", "Fresno"] },
    { "regionCode": "CO", "regionName": "Colorado", "cities": ["Denver", "Colorado Springs", "Aurora", "Fort Collins", "Boulder", "Pueblo"] },
    { "regionCode": "CT", "regionName": "Connecticut", "cities": ["Bridgeport", "Hartford", "New Haven", "Stamford", "Waterbury", "Norwalk"] },
    { "regionCode": "DE", "regionName": "Delaware", "cities": ["Wilmington", "Dover", "Newark", "Middletown", "Smyrna", "Milford"] },
    { "regionCode": "FL", "regionName": "Florida", "cities": ["Miami", "Orlando", "Tampa", "Jacksonville", "Fort Lauderdale", "St. Petersburg"] },
    { "regionCode": "GA", "regionName": "Georgia", "cities": ["Atlanta", "Savannah", "Augusta", "Macon", "Athens", "Columbus"] },
    { "regionCode": "HI", "regionName": "Hawaii", "cities": ["Honolulu", "Hilo", "Kailua", "Pearl City", "Kahului", "Lihue"] },
    { "regionCode": "ID", "regionName": "Idaho", "cities": ["Boise", "Idaho Falls", "Meridian", "Nampa", "Pocatello", "Coeur d'Alene"] },
    { "regionCode": "IL", "regionName": "Illinois", "cities": ["Chicago", "Springfield", "Aurora", "Naperville", "Peoria", "Rockford"] },
    { "regionCode": "IN", "regionName": "Indiana", "cities": ["Indianapolis", "Fort Wayne", "Evansville", "South Bend", "Carmel", "Bloomington"] },
    { "regionCode": "IA", "regionName": "Iowa", "cities": ["Des Moines", "Cedar Rapids", "Davenport", "Sioux City", "Iowa City", "Waterloo"] },
    { "regionCode": "KS", "regionName": "Kansas", "cities": ["Wichita", "Topeka", "Overland Park", "Kansas City", "Olathe", "Lawrence"] },
    { "regionCode": "KY", "regionName": "Kentucky", "cities": ["Louisville", "Lexington", "Bowling Green", "Owensboro", "Covington", "Frankfort"] },
    { "regionCode": "LA", "regionName": "Louisiana", "cities": ["New Orleans", "Baton Rouge", "Shreveport", "Lafayette", "Lake Charles", "Kenner"] },
    { "regionCode": "ME", "regionName": "Maine", "cities": ["Portland", "Bangor", "Augusta", "Lewiston", "Auburn", "Biddeford"] },
    { "regionCode": "MD", "regionName": "Maryland", "cities": ["Baltimore", "Annapolis", "Frederick", "Rockville", "Gaithersburg", "Silver Spring"] },
    { "regionCode": "MA", "regionName": "Massachusetts", "cities": ["Boston", "Worcester", "Springfield", "Lowell", "Cambridge", "New Bedford"] },
    { "regionCode": "MI", "regionName": "Michigan", "cities": ["Detroit", "Grand Rapids", "Lansing", "Ann Arbor", "Flint", "Dearborn"] },
    { "regionCode": "MN", "regionName": "Minnesota", "cities": ["Minneapolis", "Saint Paul", "Rochester", "Duluth", "Bloomington", "Eden Prairie"] },
    { "regionCode": "MS", "regionName": "Mississippi", "cities": ["Jackson", "Gulfport", "Biloxi", "Hattiesburg", "Southaven", "Tupelo"] },
    { "regionCode": "MO", "regionName": "Missouri", "cities": ["Kansas City", "St. Louis", "Springfield", "Columbia", "Independence", "Lee's Summit"] },
    { "regionCode": "MT", "regionName": "Montana", "cities": ["Billings", "Missoula", "Great Falls", "Bozeman", "Helena", "Kalispell"] },
    { "regionCode": "NE", "regionName": "Nebraska", "cities": ["Omaha", "Lincoln", "Bellevue", "Grand Island", "Kearney", "Fremont"] },
    { "regionCode": "NV", "regionName": "Nevada", "cities": ["Las Vegas", "Reno", "Henderson", "North Las Vegas", "Sparks", "Carson City"] },
    { "regionCode": "NH", "regionName": "New Hampshire", "cities": ["Manchester", "Portsmouth", "Nashua", "Concord", "Dover", "Rochester"] },
    { "regionCode": "NJ", "regionName": "New Jersey", "cities": ["Newark", "Jersey City", "Paterson", "Elizabeth", "Edison", "Trenton"] },
    { "regionCode": "NM", "regionName": "New Mexico", "cities": ["Albuquerque", "Santa Fe", "Las Cruces", "Rio Rancho", "Roswell", "Farmington"] },
    { "regionCode": "NY", "regionName": "New York", "cities": ["New York", "Buffalo", "Rochester", "Syracuse", "Albany", "Yonkers"] },
    { "regionCode": "NC", "regionName": "North Carolina", "cities": ["Charlotte", "Raleigh", "Greensboro", "Durham", "Winston-Salem", "Fayetteville"] },
    { "regionCode": "ND", "regionName": "North Dakota", "cities": ["Fargo", "Bismarck", "Grand Forks", "Minot", "West Fargo", "Dickinson"] },
    { "regionCode": "OH", "regionName": "Ohio", "cities": ["Columbus", "Cleveland", "Cincinnati", "Toledo", "Akron", "Dayton"] },
    { "regionCode": "OK", "regionName": "Oklahoma", "cities": ["Oklahoma City", "Tulsa", "Norman", "Broken Arrow", "Edmond", "Lawton"] },
    { "regionCode": "OR", "regionName": "Oregon", "cities": ["Portland", "Eugene", "Salem", "Gresham", "Hillsboro", "Bend"] },
    { "regionCode": "PA", "regionName": "Pennsylvania", "cities": ["Philadelphia", "Pittsburgh", "Allentown", "Erie", "Reading", "Harrisburg"] },
    { "regionCode": "RI", "regionName": "Rhode Island", "cities": ["Providence", "Newport", "Warwick", "Cranston", "Pawtucket", "Woonsocket"] },
    { "regionCode": "SC", "regionName": "South Carolina", "cities": ["Charleston", "Columbia", "Greenville", "Myrtle Beach", "Spartanburg", "Rock Hill"] },
    { "regionCode": "SD", "regionName": "South Dakota", "cities": ["Sioux Falls", "Rapid City", "Aberdeen", "Brookings", "Watertown", "Pierre"] },
    { "regionCode": "TN", "regionName": "Tennessee", "cities": ["Nashville", "Memphis", "Knoxville", "Chattanooga", "Murfreesboro", "Clarksville"] },
    { "regionCode": "TX", "regionName": "Texas", "cities": ["Houston", "Dallas", "Austin", "San Antonio", "Fort Worth", "El Paso"] },
    { "regionCode": "UT", "regionName": "Utah", "cities": ["Salt Lake City", "Provo", "Ogden", "Sandy", "St. George", "Logan"] },
    { "regionCode": "VT", "regionName": "Vermont", "cities": ["Burlington", "Montpelier", "Rutland", "Barre", "St. Albans", "Brattleboro"] },
    { "regionCode": "VA", "regionName": "Virginia", "cities": ["Virginia Beach", "Richmond", "Norfolk", "Chesapeake", "Arlington", "Alexandria"] },
    { "regionCode": "WA", "regionName": "Washington", "cities": ["Seattle", "Spokane", "Tacoma", "Vancouver", "Bellevue", "Everett"] },
    { "regionCode": "WV", "regionName": "West Virginia", "cities": ["Charleston", "Morgantown", "Huntington", "Parkersburg", "Wheeling", "Martinsburg"] },
    { "regionCode": "WI", "regionName": "Wisconsin", "cities": ["Milwaukee", "Madison", "Green Bay", "Kenosha", "Racine", "Appleton"] },
    { "regionCode": "WY", "regionName": "Wyoming", "cities": ["Cheyenne", "Casper", "Laramie", "Gillette", "Rock Springs", "Sheridan"] },
    { "regionCode": "DC", "regionName": "District of Columbia", "cities": ["Washington"] }
  ]
}

